<?xml version="1.0" encoding="UTF-8"?>

<CatalogoVOD xmlns:xsi="http://www.w3.org/2001/XMLSchema-instance"
    xsi:noNamespaceSchemaLocation="serviciovod4.xsd" Version="4.1">
    
    <cuenta correo = "ravelino.fa@gmail.com">
        <perfiles>
            <perfil usuario = "Regina Avelino" idioma = "Frances"/>
        </perfiles>
    </cuenta>
    
    <contenido>
        <peliculas region="FR">
            <genero nombre = "Accion">
                <titulo duracion="2h 49m">Jhon Wick</titulo>
                <titulo duracion="2h 07m">Transformers</titulo>
            </genero>
            <genero nombre = "Animacion">
                <titulo duracion="1h 30m">Shrek</titulo>
                <titulo duracion="1h 42m">Frozen</titulo>
            </genero>
        </peliculas>
        
        <series region="FR">
            <genero nombre = "Drama Criminal">
                <titulo duracion="154 episodios">Elementary</titulo>
                <titulo duracion="173 episodios">Castle</titulo> 
                <titulo duracion="246 episodios">Bones</titulo> 
            </genero>
            <genero nombre = "Drama">                
                <titulo duracion="4 temporadas">Yellowstone</titulo>
                <titulo duracion="19 temporadas">Anatomia segun Grey</titulo>
            </genero>
        </series>
    </contenido>
    
</CatalogoVOD>