<?xml version="1.0" encoding="UTF-8"?>

<CatalogoVOD xmlns:xsi="http://www.w3.org/2001/XMLSchema-instance"
    xsi:noNamespaceSchemaLocation="serviciovod4_1.xsd" Version="4.1">
    
    <cuenta correo = "ravelino.fa@gmail.com">
        <perfiles>
            <perfil usuario = "Regina Avelino" idioma = "Frances"/>
        </perfiles>
    </cuenta>
    
    <contenido tipo= "peliculas" region = "FR">
            <genero nombre = "Accion">
                <tit duracion="169" titulo="Jhon Wick" />
                <tit duracion="127" titulo="Transformers" />
            </genero>
            <genero nombre = "Animacion">
                <tit duracion="150" titulo="Shrek"/>
                <tit duracion="182" titulo="Frozen"/>
            </genero>
    </contenido>
    
</CatalogoVOD>